name,category,audience_country,influencer_id
tseries,Music & Dance,India,1
checkgate,Education,,2
setindia,,India,3
PewDiePie,Animation,United States,4
MrBeast6000,Video games,United States,5
✿ Kids Diana Show,Animation,,6
Like Nastya,Animation,,7
WWEFanNation,Video games,United States,8
zeemusiccompany,Music & Dance,India,9
Vlad and Niki,Toys,,10
5-Minute Crafts,,United States,11
kidrauhl,Music & Dance,United States,12
GoldminesTelefilms,,India,13
CanalKondZilla,Music & Dance,Brazil,14
BANGTANTV,Music & Dance,United States,15
sabtv,Movies,India,16
ibighit,Music & Dance,United States,17
zeetv,,India,18
filmigaane,Music & Dance,India,19
corycotton,Video games,United States,20
SmartBooksMedia,Animation,,21
ChuChu TV Nursery Rhymes & Kids Songs,Education,,22
Marshmello,Music & Dance,United States,23
BHOJPURIWAVE,Music & Dance,India,24
colorstv,,India,25
aajtaktv,News & Politics,India,26
sonymusicindiaSME,Music & Dance,India,27
tipsmusic,Music & Dance,India,28
ReinoMariaElenaWalsh,Music & Dance,,29
LooLooKids,Music & Dance,,30
tseriesbhakti,Music & Dance,India,31
Badabun,,Mexico,32
JuegaGerman,Animation,Mexico,33
yrf,Music & Dance,India,34
Billie Eilish,Music & Dance,United States,35
felipeneto,,Brazil,36
whinderssonnunes,Movies,Brazil,37
BRIGHT SIDE,Animation,United States,38
KatyPerryMusic,Music & Dance,United States,39
vcsabiavideos,,Brazil,40
infobellshindirhymes,Education,India,41
DjWalkzz,Music & Dance,United States,42
sonymusicindiaVEVO,Music & Dance,India,43
Like Nastya Show,Animation,,44
speedrecordss,Music & Dance,India,45
A4,Animation,Russia,46
ABSCBNOnline,,Philippines,47
getmovies,,,48
LuisitoComunicaa,,Mexico,49
LittleBabyBum,Education,,50
TheEllenShow,,United States,51
MashaMedvedTV,Education,,52
gr6explode,Music & Dance,Brazil,53
luccasneto,Animation,Brazil,54
venus,Music & Dance,India,55
Kimberly Loaiza,Daily vlogs,Mexico,56
ShemarooEnt,,India,57
DaddyYankeeOFFTV,Music & Dance,Argentina,58
Voot Kids,Movies,India,59
WorkpointOfficial,,Thailand,60
Toys and Colors,Toys,,61
shfa,Daily vlogs,France,62
shfa2 - شفا,Daily vlogs,,63
SuperSimpleSongs,Music & Dance,,64
Jkk Entertainment,,India,65
JbalvinTube,Music & Dance,Colombia,66
gmmonetv,,Thailand,67
vegetta777,Video games,Mexico,68
Masha and The Bear,Animation,,69
YouTube,,United States,70
Goldmines Gaane Sune Ansune,Music & Dance,India,71
markiplierGAME,Animation,United States,72
Like Nastya ESP,,,73
Ryan's World,Animation,,74
abpnewstv,News & Politics,India,75
NoCopyrightSounds,Music & Dance,United States,76
Desi Music Factory,Music & Dance,India,77
Geet MP3,Music & Dance,India,78
Total Gaming,,India,79
Maria Clara & JP,,,80
UltraHindi,,India,81
tseriesapnapunjab,Music & Dance,India,82
SSSniperWolf,Humor,United States,83
Mikecrack,Animation,Mexico,84
GENIAL,Animation,Mexico,85
KHANDESHI MOVIES,,India,86
tv3official,,Thailand,87
Luis Fonsi,,United States,88
sonypalindia,,India,89
AllTrapNation,Music & Dance,United States,90
IndiaTV,News & Politics,India,91
cancionesdelagranja,Music & Dance,,92
erosentertainment,,India,93
SMTOWN,Music & Dance,United States,94
MrBean,,India,95
juptube,Music & Dance,,96
Ricis Official,Music & Dance,Indonesia,97
rezendeevil,Video games,Brazil,98
AH,Music & Dance,Indonesia,99
SpinninRec,Music & Dance,United States,100
latenight,Music & Dance,United States,101
tseriesoldisgold,Music & Dance,India,102
rajshri,,India,103
harpalgeo,,Pakistan,104
DisneyMusicVEVO,Music & Dance,United States,105
UltraRecords,Music & Dance,United States,106
jacksepticeye,Video games,United States,107
BabyBus - Kids Songs and Cartoons,Animation,,108
xoxxxoooxo,Music & Dance,United States,109
TheLateLateShow,Animation,United States,110
ImagineDragons,Music & Dance,United States,111
TalkingTomCat,,United States,112
toyoraljanahtv,Music & Dance,,113
theofficialpeppa,Toys,,114
Little Angel: Nursery Rhymes & Kids Songs,Toys,,115
ARY Digital,,Pakistan,116
WWRBhojpuri,Music & Dance,India,117
SongsOfIndianCinema,Music & Dance,India,118
MrBeast Gaming,Animation,United States,119
Wow Kidz,Animation,,120
TheDonato,Video games,Mexico,121
GMANETWORK,,Philippines,122
infobellstamil,Education,,123
TheDiamondMinecart,Video games,United States,124
taylorgangent,Music & Dance,United States,125
Bounce Patrol - Kids Songs,Music & Dance,,126
WorldStarHipHopTV,Music & Dance,United States,127
VanossGaming,Animation,United States,128
enchufetv,Humor,Ecuador,129
infobellstelugu,Education,,130
LosPolinesios,Daily vlogs,Mexico,131
PowerKids,Movies,India,132
Techno Gamerz,,India,133
1MILLION Dance Studio,,India,134
toycantando,Music & Dance,,135
smosh,Animation,United States,136
xSkyHeLLxx,Toys,Brazil,137
AboFlah,Animation,Iraq,138
zeenews,News & Politics,India,139
Diana and Roma ESP,Animation,,140
WatchMojo,Movies,United States,141
Super JoJo - Nursery Rhymes & Kids Songs,Animation,,142
Genevieve's Playhouse - Learning Videos for Kids,Toys,,143
Jess No Limit,Music & Dance,Indonesia,144
TwiNboTzVids,Animation,United States,145
MR. INDIAN HACKER,,India,146
jypentertainment,Music & Dance,United States,147
Las Ratitas,Toys,,148
James Charles,Beauty,United States,149
davidguettavevo,Music & Dance,Brazil,150
nickelodeonjuniorfr,Toys,,151
व्लाद और निकिता,,,152
ZHC,Design/art,United States,153
adityamusic,Music & Dance,India,154
Logan Paul,Video games,United States,155
Rans Entertainment,Music & Dance,Indonesia,156
NewOnNetflix,Movies,United States,157
Chloe Ting,Fitness,United States,158
Troom Troom,Toys,United States,159
Masha y el Oso,Animation,,160
Raffy Tulfo in Action,Music & Dance,Philippines,161
SesameStreet,Music & Dance,,162
JellyYT,Video games,United States,163
ColdplayVEVO,Music & Dance,United States,164
Diana and Roma HIN,,,165
Mister Max,DIY & Life Hacks,Russia,166
mildicasdemulher,,Brazil,167
Vlad và Nikita,Music & Dance,,168
DrossRotzank,News & Politics,Mexico,169
Sandeep Maheshwari,Daily vlogs,India,170
ABP NEWS HINDI,News & Politics,India,171
adityacinema,,India,172
Goldmines Dishoom,,,173
THECHAINSMOKERS,Humor,United States,174
netdmuzikk,Music & Dance,Turkey,175
Technical Guruji,,India,176
Smile Family,Animation,,177
gmmgrammyofficial,Music & Dance,Thailand,178
Anuel AA,Music & Dance,Colombia,179
mmoshaya,,Saudi Arabia,180
Miss Katy,Video games,Russia,181
VenusMovies,,India,182
Like Nastya AE,,,183
Frost Diamond,Music & Dance,Indonesia,184
Tasty,Food & Drinks,United States,185
WHBBP,Music & Dance,India,186
TEDtalksDirector,,United States,187
WB Kids,Movies,,188
oRugrat,Video games,United States,189
5-Minute Crafts DIY,Music & Dance,India,190
AmericasGotTalent,,United States,191
CanalCanalha,Sports,Brazil,192
hamaarbhojiwood,Music & Dance,India,193
PeppaLatinoAmericano,Toys,,194
shemaroomovies,,India,195
BabyBus - Canciones Infantiles & Cuentos,Toys,,196
Goldmines Bollywood,,India,197
Diana and Roma ARA,,,198
The Lallantop,News & Politics,India,199
FGTeeV,Animation,United States,200
BuzzFeedVideo,Daily vlogs,United States,201
Baim Paula,Music & Dance,Indonesia,202
SSundee,Video games,United States,203
Like Nastya PRT,,,204
AuthenticGames,Video games,Brazil,205
TheFineBros,Humor,United States,206
Crazy XYZ,,India,207
VEVO,Music & Dance,United States,208
DisneyChannelLA,,,209
goldmineshindi,,India,210
PenIndiaPvtLimited,,India,211
HaerteTest,,India,212
SlivkiChanel,DIY & Life Hacks,Russia,213
5-Minute Crafts PLAY,,India,214
LazarBeam,Video games,United States,215
Kids TV - Nursery Rhymes And Baby Songs,Animation,,216
NationalGeographic,,United States,217
Brave Wilderness,,United States,218
BeckyGOfficial,Music & Dance,United States,219
Goldmines Cineplex,,India,220
NewAFI2013,Music & Dance,Indonesia,221
rossbollinger,Animation,United States,222
HumNetwork,,Pakistan,223
PrestonPlayz,Animation,United States,224
Mnet,Music & Dance,United States,225
CharliesVlogs,Music & Dance,United States,226
Totoy kids - Português,Toys,Brazil,227
GooodLifeFilms,,United States,228
RotanaAudio,Music & Dance,Saudi Arabia,229
Crafty Panda,Music & Dance,India,230
Noor Stars,Music & Dance,Iraq,231
DLS News,News & Politics,India,232
Troom Troom Es,Toys,Mexico,233
starplus,,India,234
The ACE Family,Humor,United States,235
toyorbabytv,Music & Dance,,236
gordonramsay,Food & Drinks,United States,237
gottalentglobal,,United States,238
TelenovelaTelevisa,ASMR,Mexico,239
Infinite,Video games,United States,240
MrVivekBindra,Education,India,241
TheWillyrex,Video games,Spain,242
UltraMovieParlour,,India,243
fatosdesconhecidos,Science & Technology,Brazil,244
TheEnaldinhO,,Brazil,245
Vlad and Niki Arabic,,,246
OfficialClashOfClans,News & Politics,United States,247
JimmyKimmelLive,Movies,United States,248
MARVEL,Movies,United States,249
RobinHoodGamer1,Animation,Brazil,250
Unbox Therapy,Science & Technology,United States,251
NBA,Sports,United States,252
Kurzgesagt,Education,United States,253
TRT Originals Urdu,,Pakistan,254
CKN,Video games,,255
gmapublicaffairs,News & Politics,Philippines,256
corbuzierprediction,,Indonesia,257
Eva Bravo Play,,,258
★ Kids Roma Show,Animation,,259
shfa show India,Daily vlogs,,260
Мирошка ТВ,,Russia,261
sonotekvideo,Music & Dance,India,262
greengoldtv,,,263
Kinder Spielzeug Kanal,Animation,,264
GEN HALILINTAR,Music & Dance,Indonesia,265
INCRÍVEL,Animation,Brazil,266
turmadamonicaTV,Animation,,267
DanielSaboya,Music & Dance,Brazil,268
BritainsGotTalent09,Music & Dance,,269
kbsworld,,Philippines,270
TheOdd1sOut,Animation,United States,271
Ninja Kidz TV,Video games,United States,272
Brent Rivera,Animation,United States,273
PinkPanther,,,274
FactTechz,,India,275
Like Nastya Vlog,Daily vlogs,,276
TheGrefg,Animation,Spain,277
SockeyeMedia,Music & Dance,,278
Matroix,Video games,United States,279
HiMan,Video games,Russia,280
rhettandlink2,Food & Drinks,United States,281
CookieSwirlC,Video games,United States,282
ElTrollino,Animation,Mexico,283
Naisa Alifia Yuriza (N.A.Y),Music & Dance,Indonesia,284
EeOneGuy,,Russia,285
Stubborn Facts,,India,286
TheElenaYa,Animation,,287
MiawAug,Video games,Indonesia,288
rsiammusic,Music & Dance,Thailand,289
Emiway Bantai,Music & Dance,India,290
Netflix India,ASMR,India,291
farrukotv,Music & Dance,United States,292
dj47maryn,Video games,Russia,293
portadosfundos,Movies,Brazil,294
BabyBus - Cerita & Lagu Anak-anak,Toys,,295
Willyrex,Video games,Mexico,296
SCTVIndonesia,Music & Dance,Indonesia,297
SebastianYatra,Music & Dance,Colombia,298
Little Angel Español - Canciones Infantiles,Animation,,299
ThePoznavatel,Toys,Russia,300
A_S Gaming,,India,301
RobleisIUTU,Animation,Argentina,302
Guava Juice,,United States,303
D Billions,,,304
kidstvsongs,,,305
aMOODIEsqueezie,,France,306
Vania Mania Kids,Toys,,307
Heidi & Zidane बच्चों की कहानियाँ,Daily vlogs,,308
The Royalty Family,Humor,United States,309
musicalrmastv,Music & Dance,Iraq,310
Masha e o Urso,,,311
grammygoldofficia,Music & Dance,Thailand,312
IGNentertainment,Movies,United States,313
Sun TV,,India,314
TEDEducation,Science & Technology,United States,315
JasonDerulo,Music & Dance,United States,316
Tu COSMOPOLIS,Daily vlogs,Mexico,317
jquintanac5,Movies,Mexico,318
LankyBox,Video games,United States,319
Beast Reacts,,United States,320
etvteluguindia,,India,321
ArabGamesNetwork,,Algeria,322
invictorgs3,Video games,Mexico,323
Vlad and Niki IDN,Music & Dance,,324
STARVIJAY,,India,325
TheBrianMaps,Video games,Russia,326
Rafa & Luiz,Video games,Brazil,327
IDEAS EN 5 MINUTOS,,Mexico,328
SUPER SLICK SLIME SAM,DIY & Life Hacks,Mexico,329
Jane ASMR 제인,Daily vlogs,United States,330
AnittaOficial,Music & Dance,Brazil,331
jeffreestar,Beauty,United States,332
Canal IN,Toys,Brazil,333
Sandra Cires Art,,Colombia,334
iberethenorio,Science & Technology,Brazil,335
Antrax,Video games,Mexico,336
zbingzbing,Animation,Thailand,337
Kiddiestv Hindi - Nursery Rhymes & Kids Songs,Education,United States,338
littlemixmusic,Music & Dance,United States,339
Prajapati News,,India,340
Kaykai Salaider,Movies,Thailand,341
Kids Play,,,342
boyceavenue,Music & Dance,Brazil,343
failarmy,Animation,United States,344
Apple,,,345
DopeLyrics,Music & Dance,United States,346
DUDU e CAROL,Toys,Brazil,347
queenofficial,Music & Dance,United States,348
movieclipsTRAILERS,Movies,United States,349
MatthewPatrick13,Science & Technology,United States,350
lescopaque,,Indonesia,351
Khan GS Research Centre,Education,India,352
TRANSTVofficial,Music & Dance,Indonesia,353
SonyMusicSouthVEVO,Music & Dance,India,354
RomanAtwoodVlogs,Humor,United States,355
marquesbrownlee,Science & Technology,United States,356
Village Cooking Channel,,India,357
vice,News & Politics,United States,358
Aayu and Pihu Show,Movies,India,359
हिंदी - Genevieve's Playhouse,Education,,360
Kids Channel India - Hindi Rhymes and Baby Songs,Music & Dance,,361
tanboy kun,Music & Dance,Indonesia,362
El Reino a Jugar,Toys,,363
Triggered Insaan,Humor,India,364
monstafluffmusicTV,Music & Dance,United States,365
Dyland PROS,Music & Dance,Indonesia,366
Camila Cabello,Music & Dance,United States,367
JenniferLopez,Fashion,United States,368
MegatoadStonie,Food & Drinks,United States,369
AdMe.ru - Сайт о творчестве,Animation,Russia,370
Zappy Toons - Hindi Nursery Rhymes and Stories,Education,,371
Blippi - Educational Videos for Kids,Education,,372
Ivana Alawi,Daily vlogs,Philippines,373
Oyuncak Avı,,,374
Jason Vlogs,Toys,,375
portalfitdance,Music & Dance,Brazil,376
Kerajinan 5-Menit,Music & Dance,Indonesia,377
TheRichest,News & Politics,United States,378
Goldmines Great Indian Comedy,,India,379
popchartbusters,Music & Dance,India,380
OGatoGalactico,Toys,Brazil,381
wifistudy,Education,India,382
ntvru,News & Politics,Russia,383
Dhar Mann,Health & Self Help,United States,384
حِرف إبداعية في 5 دقائق,,Egypt,385
KSIOlajidebtHD,Animation,United States,386
kwebbelkop,Animation,United States,387
RCTI - LAYAR DRAMA INDONESIA,Music & Dance,Indonesia,388
Junya Official Channel,,Japan,389
makeuplocalypse,,Mexico,390
ranziscool,Humor,Philippines,391
Makiman131,Video games,Spain,392
Lachlan,Video games,United States,393
IDEIAS INCRÍVEIS,,Brazil,394
IISuperwomanII,Animation,United States,395
TalkingFriends,Animation,United States,396
CanalTaBombando,Music & Dance,Brazil,397
Planeta das Gêmeas,Toys,Brazil,398
Dave and Ava - Nursery Rhymes and Baby Songs,Education,,399
5-Minute Crafts FAMILY,,United States,400
Sony AATH,,Bangladesh,401
AMARINTV : อมรินทร์ทีวี,News & Politics,Thailand,402
Super Polina,,,403
LOKESH GAMER,,India,404
News24page,News & Politics,India,405
Niana Guerrero,Music & Dance,Philippines,406
SriBalajiMovies,,India,407
Drawblogs,Movies,Mexico,408
Sidemen,Video games,United Kingdom,409
zncoficial,Music & Dance,Brazil,410
Super Senya,Animation,,411
newvolgavideo,,India,412
rkddigital,Movies,India,413
hejproducao,Music & Dance,Brazil,414
MattyBRaps,Music & Dance,United States,415
collegehumor,Humor,United States,416
popskids,Animation,Poland,417
La Rosa de Guadalupe,Animation,Mexico,418
حقائق وأسرار,,Egypt,419
LinusTechTips,Science & Technology,United States,420
T3DDYgames,Daily vlogs,Brazil,421
indiancomedy,,India,422
XpressTV,Science & Technology,Mexico,423
Harsh Beniwal,Movies,India,424
Like Nastya IDN,Music & Dance,,425
bbtvch7,,Thailand,426
chadwildclay,Movies,United States,427
iTownGamePlay,News & Politics,Mexico,428
MartinGarrix,Music & Dance,United States,429
Canal Nostalgia,Science & Technology,Brazil,430
With Kids[위드키즈],,United States,431
theslowmoguys,Education,United States,432
LEGO,Design/art,United States,433
mkmusicnews,Music & Dance,Brazil,434
Daftar Populer,News & Politics,Indonesia,435
Mobile Legends: Bang Bang Official,Movies,Indonesia,436
OfficialTrapCity,Music & Dance,United States,437
inventonahoratv,,Brazil,438
And TV,,India,439
PlayStation,,United States,440
camilaloures,Food & Drinks,Brazil,441
Genierock,Music & Dance,Thailand,442
Fede Vigevani,,Mexico,443
It's Mamix,DIY & Life Hacks,Russia,444
#Refugio Mental,,Mexico,445
Gyan Gamingㅤ,,India,446
Maha Fun Tv,,India,447
Johny FamilyShow,,,448
Arif muhammad,Music & Dance,Indonesia,449
AM3NlC,Food & Drinks,Brazil,450
GMMTVSPOTLIKE,Movies,Thailand,451
NikkieTutorials,Design/art,United States,452
MasterskayaNastroeny,,Russia,453
MRamadanOfficial,Music & Dance,Egypt,454
F2Freestylers,Sports,United Kingdom,455
BollywoodClassics,Music & Dance,India,456
Smile Family Spanish,Animation,,457
WWWengie,DIY & Life Hacks,United States,458
thairathonline,News & Politics,Thailand,459
Sourav Joshi Vlogs,Daily vlogs,India,460
TeamFilmsBhojpuri,Music & Dance,India,461
SOMOY TV,Daily vlogs,Bangladesh,462
bbchindi,News & Politics,India,463
Anasala I أنس و أصالة,,Egypt,464
Zach Choi ASMR,Daily vlogs,United States,465
MAIKI021,Autos & Vehicles,Brazil,466
bomberball,,Thailand,467
Doc Tops,News & Politics,Mexico,468
mispastelitosyoutub,Food & Drinks,Mexico,469
CH8vdo,,Thailand,470
Трум Трум,Humor,Russia,471
vetealaversha,Animation,Mexico,472
ndtvindia,News & Politics,India,473
dangmattsmith,Animation,United States,474
O Canal do Joãozinho - Little Angel Português,Animation,,475
zeefilmimusic,Music & Dance,India,476
Kurt Hugo Schneider,,United States,477
AzzyLand,Animation,United States,478
TWICE,Music & Dance,Philippines,479
The World Adventures हिन्दी,Daily vlogs,India,480
NehaKakkarOfficial,Music & Dance,India,481
Zach King,Humor,United States,482
Daily Dose Of Internet,Animals & Pets,United States,483
laharimusic,Music & Dance,India,484
TheABSCBNNews,News & Politics,Philippines,485
CNN,News & Politics,United States,486
NOBRU,Video games,Brazil,487
fcbarcelona,Sports,India,488
A2 Motivation {Arvind Arora},,India,489
crashcourse,Science & Technology,United States,490
UFC,Sports,United States,491
infobells,Education,,492
pognalishow,Video games,Russia,493
TazerCraft,Animation,Brazil,494
GallinaPintadita,Animation,,495
elcanaldePlimPlim,Music & Dance,,496
RosannaPansino,Food & Drinks,United States,497
Online Job,,India,498
Kuplinov ► Play,Video games,Russia,499
EdisonPts,Video games,Russia,500
MNCTVOfficial,Music & Dance,Indonesia,501
Totoy kids - Español,Toys,,502
The LaBrant Fam,Music & Dance,United States,503
Bizarrap,Music & Dance,Argentina,504
Wow Kidz Action,,,505
AtlanticVideos,Music & Dance,United States,506
Blippi Español,Toys,,507
CoryxKenshin,Video games,United States,508
theRadBrad,Video games,United States,509
mymissanand,Movies,India,510
Narins Beauty,,Iraq,511
TV Ana Emilia,Fashion,Mexico,512
iloveindianmakeup,Humor,India,513
Auron,Video games,Mexico,514
Unspeakable,Video games,United States,515
narendramodionline,News & Politics,India,516
Zig & Sharko,,,517
The Shiny Peanut,,Indonesia,518
djzoi0,Humor,Brazil,519
Fun For Kids TV - Hindi Rhymes,,,520
50CentMusic,Music & Dance,United States,521
News18 India,News & Politics,India,522
MattSDance,Music & Dance,United States,523
SaturdayNightLive,Movies,United States,524
MrSuicideSheep,,United States,525
YOLO,,Mexico,526
MrBeast Shorts,Daily vlogs,United States,527
SrtaLynaV,Animation,Argentina,528
MazhavilManorama,,India,529
Desi Gamers,,India,530
ChallengeAcceptedInc,Animation,United States,531
The Q,,United States,532
Aadishakti Films,Music & Dance,India,533
O Que Não Dizer Oficial,,Brazil,534
skillzaisherebooya,Music & Dance,United States,535
twentyonepilots,Music & Dance,United States,536
#Refúgio Mental,,Brazil,537
ABCNews,News & Politics,United States,538
DALLMYD,Mystery,United States,539
PozzitifonShow,Video games,Russia,540
1032010814,DIY & Life Hacks,United States,541
typicalgamer,Video games,United States,542
123 GO! Spanish,Toys,Mexico,543
Like Nastya VNM,,,544
Health Time,Daily vlogs,India,545
Dangal TV Channel,,India,546
Wish 107.5,Music & Dance,Philippines,547
RedeTVhdBrasil,News & Politics,Brazil,548
NishaMadhulika,Food & Drinks,India,549
ETV Jabardasth,,India,550
canalparafernalha,,Brazil,551
Knowledge Tv हिन्दी,Education,India,552
JDCav24,Fitness,United States,553
MusicTalentNow,,United States,554
Vlad and Niki ARA,,,555
React,Food & Drinks,United States,556
zeetvtelugu,,India,557
PrestonPlayz,Video games,United States,558
BUDI01 GAMING,Video games,Indonesia,559
MstrJames,DIY & Life Hacks,United States,560
Blossom,,United States,561
JesseAndMike,Humor,United States,562
LOUD,,Brazil,563
Hongyu ASMR 홍유,ASMR,United States,564
Taarak Mehta Ka Ooltah Chashmah,,India,565
htpunjabi,Music & Dance,India,566
Piuzinho,Video games,Brazil,567
DisneyChannelUK,,Singapore,568
Meghan Trainor,Music & Dance,United States,569
Juliana Baltar,Toys,Brazil,570
5-Minute Crafts Recycle,,India,571
أترو/Atro,,Iraq,572
alanalan9635,Humor,United States,573
BBC,,United Kingdom,574
AdexeOficial,Music & Dance,Mexico,575
gymvirtual,Music & Dance,Mexico,576
einerdtv,Movies,Brazil,577
Alex Gonzaga Official,Music & Dance,Philippines,578
Gibby :),Daily vlogs,Mexico,579
LittleBabyBumEspanol,Autos & Vehicles,,580
Melon City Show - برنامج ولاية بطيخ,,Iraq,581
Troom Troom PT,Toys,Brazil,582
Jake Fellman,,United States,583
jazzghost1,Animation,Brazil,584
Like Nastya Stories,,,585
Bela Bagunça,Toys,Brazil,586
tseriesregional,Music & Dance,India,587
Brawl Stars,Animation,United States,588
Crescendo com Luluca,Toys,Brazil,589
PowerfulJRE,Daily vlogs,United States,590
bbcnews,News & Politics,United Kingdom,591
JustForLaughsTV,,India,592
NORMAN FAIT DES VIDÉOS,Animation,France,593
GoldClassics,,,594
awakeningrecords,Music & Dance,Indonesia,595
OficialPeppa,Toys,,596
zeebangla,,India,597
MY FAMILY,,India,598
Kabita's Kitchen,,India,599
KaKa Kids TV - Nursery Rhymes Kids Animated Songs,,,600
EU FICO LOKO,,Brazil,601
Zeinab Harake,Daily vlogs,Philippines,602
OReinho,Music & Dance,,603
HZHtube Kids Fun,Toys,,604
HusamYK,Music & Dance,Saudi Arabia,605
MrGear,,United States,606
Migosatl,Music & Dance,United States,607
TheDaniRep,Animation,Mexico,608
colinfurze,DIY & Life Hacks,United States,609
Planet Earth INDIA,Daily vlogs,India,610
karameeshchannel,Music & Dance,,611
RayWilliamJohnson,,United States,612
Lulu99,,Colombia,613
Dear Sir,Education,India,614
officialjassrecords,Music & Dance,India,615
YairAuriazul,,Mexico,616
disneyjunior,Music & Dance,,617
ГЛЕНТ,Video games,Russia,618
Study IQ education,Education,India,619
Más SKabeche,,Mexico,620
My Mate Nate,,Thailand,621
FrontaL Gaming,Animation,Indonesia,622
Blockbuster Movies,Daily vlogs,India,623
JOJO TV - Hindi Stories,,India,624
AvrilLavigne,Music & Dance,United States,625
Dani Russo Tv,Music & Dance,Brazil,626
Wolfoo Channel,Toys,,627
MORGENSHTERN,Humor,Russia,628
rebeccazamolo1,Video games,United States,629
Ice Cream Rolls,,United States,630
TommyInnit,Animation,United States,631
Morgz,Video games,United States,632
TheInfographicsShow,Education,United States,633
1veritasium,Science & Technology,United States,634
Come Play With Me,Toys,,635
hamaarbhojpuri,Music & Dance,India,636
Troom Troom India,,India,637
YOLO AVENTURAS,Daily vlogs,Colombia,638
TheDodoSite,Animals & Pets,United States,639
Panda,Animation,India,640
Troom Troom Indonesia,Toys,Indonesia,641
RaptorGamer,Video games,Mexico,642
CrazyRussianHacker,DIY & Life Hacks,United States,643
Kluna Tik,,United States,644
Codiscos,Music & Dance,Colombia,645
Garena Free Fire LATAM,,Mexico,646
LIV Crime,Daily vlogs,India,647
hoiitsroi,Humor,United States,648
Nat and Essie,Toys,,649
thinkmusicindia,Music & Dance,India,650
The MriDul,,India,651
BanderitaX,Animation,Saudi Arabia,652
Americanvogue,Fashion,United States,653
luansantanaoficial,Music & Dance,Brazil,654
FIFATV,Sports,United States,655
Davie504,Music & Dance,United States,656
Mor Haryanvi,Music & Dance,India,657
ExpCaseros,DIY & Life Hacks,Spain,658
TsMadaan,Education,India,659
Koo Koo TV - Hindi,,India,660
CHHOTU KI MASTI,,India,661
Mythpat,,India,662
ndtv,News & Politics,India,663
Ya - Alisa,,,664
Coke Studio,Music & Dance,Pakistan,665
DeGoBooM,Video games,Mexico,666
htbhakti,Music & Dance,India,667
MrTimbaVk,Video games,Mexico,668
Yudist Ardhana,Video games,Indonesia,669
elrubius,Video games,Argentina,670
Trakin Tech,News & Politics,India,671
FelipeViktor,Animation,Brazil,672
CaptainSparklez,Video games,United States,673
ماشا و الدب,Animation,,674
MBCMASR,,Egypt,675
eltreceok,News & Politics,Argentina,676
Infobells Bangla,Education,,677
MTV2,Music & Dance,United States,678
DANIEL EL TRAVIESO VIDEOS,Animation,Colombia,679
UnspeakableGaming,Video games,United States,680
luzugames,Video games,Mexico,681
lokdhuntv,Music & Dance,India,682
gmanews,News & Politics,Philippines,683
Sony Music South,Music & Dance,India,684
VyQwaint,Video games,United States,685
Wolfoo Family,Animation,,686
KompasTVNews,News & Politics,Indonesia,687
MaJa Tv Hindi Stories,,India,688
Hero Movies 2022,Daily vlogs,India,689
Rauw Alejandro,Music & Dance,Peru,690
الجانب المُشرق | Bright Side Arabic,,Egypt,691
123 GO!,Humor,United States,692
TastyCompot,Video games,Russia,693
办公室小野 Ms Yeah,,United States,694
epicfortnite,Video games,United States,695
Magic Five,Video games,Russia,696
Biperysusamigos,Music & Dance,,697
crackrockcandy,,United States,698
FirstWeFeast,Food & Drinks,United States,699
realannoyingorange,Animation,United States,700
ElRinconDeGiorgio,Video games,Spain,701
ExplosmEntertainment,Movies,United States,702
Jaiden Animations,,United States,703
Emily Tube,Animation,,704
yogawithadriene,Fitness,United States,705
Mo Vlogs,Humor,India,706
Star Casablanca | نجوم الدار البيضاء,Music & Dance,Iraq,707
BBCEarth,Animals & Pets,United States,708
Morphle TV,Animation,,709
Free Fire India Official,Animation,India,710
YMWayneCarter,Music & Dance,United States,711
GoldminesAction,,,712
coisadenerd,Design/art,Brazil,713
Vlad and Niki ESP,Toys,,714
Alejo Igoa,DIY & Life Hacks,Argentina,715
Simone e Simaria,Music & Dance,Brazil,716
YoungBoy Never Broke Again,Music & Dance,United States,717
TheViralFeverVideos,Movies,India,718
hawkrecord,Music & Dance,India,719
Avocado Couple I Crazy Comics,,United States,720
mirandasings08,Humor,United States,721
watchcut,Humor,United States,722
oyabakatousan,Daily vlogs,,723
pocoyotv,,,724
MashaBearUkraine,Education,,725
chotoonz,,,726
Луномосик,Video games,Russia,727
barbie,,,728
Technology Gyan,,India,729
TygaTygaTV,Music & Dance,United States,730
comedycentral,Humor,United States,731
DemolitionRanch,Video games,United States,732
RapGeniusVideo,Music & Dance,United States,733
WiederDude,,United States,734
E-MasterSensei,Animation,Mexico,735
CarryisLive,,India,736
Juanpa Zurita,,Mexico,737
BakLol Video,Movies,India,738
HellomaphieMX,DIY & Life Hacks,Mexico,739
Levinho,,India,740
jpgameplayfull,Video games,Brazil,741
Dan Rhodes,Animation,India,742
geonews,News & Politics,Pakistan,743
ToysPlay,Animation,,744
bharatzkitchen HINDI,,India,745
Área Secreta,DIY & Life Hacks,Brazil,746
Virgínia Fonseca,Daily vlogs,Brazil,747
programagalofrito,,Brazil,748
FilmTheorists,Movies,United States,749
videogyan,Animation,,750
GamesEduUu,Movies,Brazil,751
MC Divertida,Music & Dance,,752
kidstvindia,Education,,753
TiempodeSol,Music & Dance,,754
"Baby Big Mouth Kids - Sing, Dance, Explore",Animation,,755
Quantum Tech HD,,United States,756
ComedyShortsGamer,Animation,United Kingdom,757
HikakinTV,Music & Dance,Japan,758
storybots,Animation,,759
GoProCamera,Sports,United States,760
Slogomanify,Video games,United States,761
tomiii 11,Daily vlogs,Mexico,762
Narendra Modi,Science & Technology,India,763
Dobre Brothers,Humor,United States,764
OGGY,,,765
OYUNCAKOYNUYORUM,,,766
Experienced Mojaraba TV,Health & Self Help,United States,767
rangeldovine,,Brazil,768
NEXT9NEWS हर खबर आप तक,,India,769
Jessica Jane,Food & Drinks,Indonesia,770
Ceylin - H Official,Music & Dance,Cyprus,771
stampylonghead,Video games,United States,772
Flamingo,Animation,United States,773
Golemcito Games,Video games,Peru,774
Daniel LaBelle,,United States,775
Vox,News & Politics,United States,776
craftingeek,,Mexico,777
francinyehlke,Fashion,Brazil,778
BuzzFeedYellow,Fashion,United States,779
doctruyencotich,Music & Dance,United States,780
ChillStepNation,Music & Dance,United States,781
Acenix,Video games,Mexico,782
Taylor RS,,United States,783
pinkfongko,Music & Dance,,784
SaraBeautyCorner,DIY & Life Hacks,United States,785
WarnerBrosPictures,Movies,United States,786
Google,,United States,787
redbull,Sports,United States,788
LA DIVAZA,,Mexico,789
CJENMMUSIC,Music & Dance,United States,790
telugufilmnagar,,India,791
brancoala,Toys,Brazil,792
Kids smile TV,,,793
soicon295,,United States,794
Sidhu Moose Wala,Music & Dance,India,795
AlArabiya,News & Politics,Morocco,796
Troom Troom Arabic,,Egypt,797
MeKcanal,Music & Dance,Brazil,798
DuDuPopTOY,Animation,,799
Playing with Rafael,,Brazil,800
Jamuna TV,News & Politics,Bangladesh,801
Cris Devil Gamer,Music & Dance,United States,802
prantoniojunior,Music & Dance,Brazil,803
Pari's Lifestyle,Daily vlogs,India,804
sbtthenoite,,Brazil,805
HISHEdotcom,Movies,United States,806
penguinz0,Animation,United States,807
destinws2,Science & Technology,United States,808
Flowers Comedy,,India,809
lucygerardi43,Music & Dance,,810
cbstvdinsideedition,News & Politics,United States,811
Oum Walid,Education,Algeria,812
Lofi Girl,Music & Dance,United States,813
TwinRoozi 쌍둥이 루지,Daily vlogs,Indonesia,814
infobellskannada,Education,,815
Mrwhosetheboss,Science & Technology,United States,816
TikTak Draw,Science & Technology,Mexico,817
sagahits,Music & Dance,India,818
Sab kuchh sikho jano,News & Politics,India,819
zeetamil,,India,820
Milena Stepanienco - MILENINHA,Toys,Brazil,821
Wylsacom,News & Politics,Russia,822
TWO SIDE GAMERS,,India,823
aljazeerachannel,News & Politics,Morocco,824
cleanbandit,Music & Dance,United States,825
JessicaJulioeBaby,Toys,Brazil,826
Rawan and Rayan,Daily vlogs,Algeria,827
T-STUDIO,,United States,828
TV9 Bharatvarsh,News & Politics,India,829
AsapSCIENCE,Science & Technology,United States,830
Caso Cerrado,,Mexico,831
DalasReview,Science & Technology,Mexico,832
francoescamilla,,Mexico,833
Pinkfong en español - Canciones Infantiles,Animation,,834
BE AMAZED,Education,United States,835
Pen Multiplex,,India,836
0214mex,Music & Dance,Japan,837
Republic Bharat,News & Politics,India,838
Captain Watch Hits,,India,839
Влад и Никита,Toys,,840
Dynamo Gaming,,India,841
TomorrowlandChannel,Music & Dance,Brazil,842
VitalyzdTv,Humor,United States,843
вДудь,News & Politics,Russia,844
atv,Animation,Turkey,845
Rachit Rojha,,India,846
ChuChuTV Hindi,Education,,847
MTV,Music & Dance,United States,848
Hindi Kahaniya,,India,849
ctctv,Video games,Russia,850
Luan Palomera,,Mexico,851
Hindi Fairy Tales,,India,852
Hindi Countdown,Education,India,853
Diana and Roma IND,,,854
Lorrayne Oliveira,Toys,Brazil,855
Busy Fun Ltd,,India,856
Goldmines Housefull,,,857
RDCGujarati,Music & Dance,India,858
Wolfoo's stories,Animation,,859
Juice WRLD,Music & Dance,United States,860
jordanmatter,Music & Dance,United States,861
whoisjimmy,Sports,United States,862
BestCodComedy,Video games,United States,863
familyfunpack,,United States,864
makebymarimaria,Fashion,Brazil,865
Toymong tv 토이몽TV,,,866
BERTH-OH,,Mexico,867
Comedy Captain,,India,868
Joe HaTTab,Travel,Saudi Arabia,869
NASAtelevision,News & Politics,United States,870
historychannel,,United States,871
MSA previously My Story Animated,Animation,United States,872
Nirahua Music World,,India,873
Nickelodeon,Movies,,874
Will Smith,Movies,United States,875
Heroine Movies 2022,Daily vlogs,India,876
WAMIndiaMovies,,India,877
shrutiarjunanand,Movies,India,878
barcroftmedia,News & Politics,United States,879
5-Minute Recipes,,India,880
rathorvideo,,India,881
buzzfeedblue,,United States,882
5-Minute Crafts LIKE,,United States,883
panicopgm,Toys,Brazil,884
RUOK FF,,Brazil,885
htv2channel,Music & Dance,United States,886
KiKiDo,Video games,Russia,887
MBCkpop,Music & Dance,Philippines,888
Receitas de Pai,Food & Drinks,Brazil,889
TheSyndicateProject,Video games,United States,890
Family Box,Video games,Russia,891
Sơn Tùng M-TP Official,Music & Dance,United States,892
Peppa Pig Hindi,Education,,893
Vlad and Niki PRT,,,894
OneRepublic,Music & Dance,United States,895
BBCArabicNews,News & Politics,Egypt,896
The Daily Show with Trevor Noah,News & Politics,United States,897
Islam Populer,Education,Indonesia,898
Viki Show,Humor,Russia,899
Raditya Dika,Food & Drinks,Indonesia,900
mrplotvideos,Music & Dance,,901
مصطفى GAME OVER,,Iraq,902
ChennaiExp2013,,India,903
MrGustavoParodias,Humor,Brazil,904
ChuChuTV Español,Humor,,905
welovekamikaze,,Thailand,906
singkingkaraoke,Music & Dance,United States,907
EugenBro,Video games,Russia,908
KapilComedyNights,,India,909
Larva2011ani,,United States,910
Netflix Latinoamérica,,Mexico,911
ThePersica,Video games,Turkey,912
TeremokTV,Video games,,913
Prince Royce,Music & Dance,United States,914
قناة وناسة -  Wanasah TV,Music & Dance,,915
Heidi y Zidane en español,Toys,,916
SerbianGamesBL2,,United States,917
mainaCassette,Music & Dance,India,918
mamilosmolengas,Music & Dance,Brazil,919
sadhguru,,India,920
Sonotek Haryanvi,Music & Dance,India,921
Survival Builder,,United States,922
luisitorey,,Mexico,923
Bispo Bruno Leonardo,Music & Dance,Brazil,924
bgfilms,Food & Drinks,United States,925
5-Minute Crafts TEENS,,India,926
BIBI,,Brazil,927
ZarcortGame,Music & Dance,Mexico,928
DELRECORDS,Music & Dance,Mexico,929
ehbeefamily,Humor,United States,930
Eagle Home Entertainments,,India,931
Ben Azelart,Video games,United States,932
PicaPicaVEVO,,,933
Talent Recap,Music & Dance,United States,934
lincolnvelasquez,,Philippines,935
Garena Free Fire Brasil,Video games,Brazil,936
InquisitorMaster,Animation,United States,937
Niki and Gabi,Fashion,United States,938
منوعات الكوميديا العراقية,,Iraq,939
TopMovieClips,Movies,United States,940
timesmusicindia,Music & Dance,India,941
DaBaby,Music & Dance,United States,942
Dharma Productions,,India,943
IniTalkShow,Music & Dance,Indonesia,944
BETO GAMER,Animation,Brazil,945
MrStiven Tc,Video games,Colombia,946
NetflixBRA,Humor,Brazil,947
JoeyGraceffa,Animals & Pets,United States,948
aanandaaudio,,India,949
sonyliv,,India,950
서은이야기[SeoeunStory],,,951
Grandpa Kitchen,Food & Drinks,United States,952
MrMuselk,Video games,United States,953
JoshDub,Animation,United States,954
BrPVPHu3,,Brazil,955
Power Vision,,United States,956
N1Noobtubers,Daily vlogs,India,957
bhaktisongs,Music & Dance,India,958
The Voice Global,Music & Dance,United States,959
POPSVIETNAM,Music & Dance,United States,960
CRACKS,Video games,Colombia,961
hasanjr11,,Indonesia,962
Adriana Show,Animation,,963
Cleo y Cuquin - Canciones infantiles,Music & Dance,,964
efdewe,Music & Dance,Indonesia,965
SAS-ASMR,,United States,966
fozimozi,,,967
sonotektv,Music & Dance,India,968
TeremokSongs,Music & Dance,Russia,969
YFrostA,Video games,Russia,970
DreamworksAnimation,,,971
RSVDO,Music & Dance,Thailand,972
Classic Mr Bean,,India,973
LetDa Hyper,Music & Dance,Indonesia,974
brunoberti10,Toys,Brazil,975
Karina Garcia,DIY & Life Hacks,United States,976
Bhojpuri Movies,,India,977
Dolly and Friends,Animation,,978
PlaticaPolinesa,Music & Dance,Mexico,979
Bessan Ismail - بيسان اسماعيل,,Iraq,980
FoxNewsChannel,News & Politics,United States,981
RoosterTeeth,Movies,United States,982
Rayito,,Mexico,983
[햄지]Hamzy,,United States,984
monsta,,Indonesia,985
Soothing Relaxation,Music & Dance,United States,986
NFL,Sports,United States,987
FilterCopy,,India,988
Thơ Nguyễn,,United States,989
Troom Troom SELECT,Movies,United States,990
chetakvideo,Music & Dance,India,991
Denis,Video games,United States,992
cartoonnetworkuk,,,993
Tom Slime,,United States,994
FutParódias,Music & Dance,Brazil,995
EL GATO,Toys,Brazil,996
CinemaSins,Movies,United States,997
CricketICC,Sports,India,998
BRKsEDU,Animation,Brazil,999
